year_month,total_juegos,precio_mensual
1997-06,1,9.99
1997-11,1,0.0
1999-04,1,4.99
2001-03,1,19.99
2001-12,1,19.99
2002-08,1,14.99
2003-07,1,19.99
2003-11,1,12.99
2004-11,2,4.995
2005-04,1,19.99
2005-07,1,9.99
2005-08,1,6.99
2005-11,1,19.99
2006-02,1,1.99
2006-05,1,9.99
2006-07,1,19.99
2006-08,2,4.99
2006-09,1,3.99
2006-10,1,4.99
2006-11,2,12.989999999999998
2007-01,1,9.99
2007-02,1,14.99
2007-03,2,13.989999999999998
2007-07,1,9.99
2007-08,1,9.99
2007-10,1,0.0
2007-12,1,6.99
2008-04,2,14.989999999999998
2008-05,1,9.99
2008-06,1,9.99
2008-07,1,0.0
2008-11,2,13.989999999999998
2009-02,2,7.24
2009-03,1,1.24
2009-04,1,4.99
2009-05,1,14.99
2009-06,3,13.323333333333332
2009-07,2,4.99
2009-08,8,9.365
2009-09,6,10.906666666666666
2009-10,14,8.777142857142858
2009-11,13,9.913076923076924
2009-12,12,8.974166666666667
2010-01,7,7.375714285714286
2010-02,17,6.874117647058823
2010-03,10,7.090999999999999
2010-04,25,8.31
2010-05,3,7.323333333333333
2010-06,9,9.812222222222223
2010-07,19,5.922631578947368
2010-08,12,9.824166666666667
2010-09,19,9.20157894736842
2010-10,22,7.536818181818182
2010-11,13,12.529230769230768
2010-12,8,5.055
2011-01,12,10.074166666666667
2011-02,10,6.69
2011-03,17,12.049999999999999
2011-04,18,8.102222222222222
2011-05,20,7.9405
2011-06,19,9.464736842105262
2011-07,15,8.370666666666667
2011-08,25,7.030399999999999
2011-09,21,7.848571428571428
2011-10,27,8.731851851851852
2011-11,21,14.039047619047619
2011-12,7,6.278571428571429
2012-01,15,7.858666666666666
2012-02,23,8.426521739130434
2012-03,24,8.115416666666667
2012-04,24,9.074166666666667
2012-05,28,11.740357142857144
2012-06,19,9.781578947368422
2012-07,15,8.358666666666666
2012-08,31,8.459032258064516
2012-09,32,10.2015625
2012-10,42,10.316904761904762
2012-11,35,11.648285714285715
2012-12,21,16.466190476190473
2013-01,15,13.590666666666666
2013-02,23,9.611304347826087
2013-03,24,10.4075
2013-04,33,9.794242424242423
2013-05,31,9.757096774193547
2013-06,19,11.042631578947368
2013-07,18,10.657222222222224
2013-08,35,11.584285714285715
2013-09,50,11.728800000000001
2013-10,84,9.145000000000001
2013-11,72,10.870277777777778
2013-12,56,10.851249999999999
2014-01,60,8.240333333333334
2014-02,94,9.38968085106383
2014-03,106,10.250754716981131
2014-04,149,7.870738255033557
2014-05,192,7.739999999999999
2014-06,111,7.784864864864865
2014-07,166,7.71722891566265
2014-08,108,8.463796296296296
2014-09,121,10.823553719008265
2014-10,159,10.467232704402516
2014-11,132,10.193257575757576
2014-12,127,7.788740157480315
2015-01,158,7.343670886075949
2015-02,178,8.92685393258427
2015-03,164,7.30109756097561
2015-04,210,7.1852857142857145
2015-05,239,7.585983263598326
2015-06,187,7.749679144385027
2015-07,247,7.417692307692308
2015-08,235,6.86668085106383
2015-09,248,6.915564516129032
2015-10,246,8.202764227642277
2015-11,209,8.796746411483253
2015-12,200,6.90755
2016-01,212,6.668537735849057
2016-02,226,8.97495575221239
2016-03,308,8.011493506493506
2016-04,344,7.719244186046512
2016-05,273,6.979010989010989
2016-06,302,6.614933774834437
2016-07,354,7.279774011299435
2016-08,415,6.788530120481928
2016-09,405,7.429407407407407
2016-10,438,6.257077625570776
2016-11,426,7.104037558685446
2016-12,457,7.01875273522976
2017-01,333,6.844954954954955
2017-02,408,7.266004901960785
2017-03,440,7.033522727272727
2017-04,380,7.223631578947368
2017-05,398,8.225100502512563
2017-06,369,7.052276422764227
2017-07,526,5.956501901140684
2017-08,598,6.708979933110368
2017-09,637,6.691868131868132
2017-10,669,6.397055306427504
2017-11,597,6.932361809045226
2017-12,612,5.964084967320262
2018-01,490,5.709061224489796
2018-02,604,6.611837748344371
2018-03,696,5.746350574712643
2018-04,634,5.407791798107255
2018-05,674,7.20326409495549
2018-06,555,6.2005585585585585
2018-07,626,6.171006389776358
2018-08,634,5.792744479495268
2018-09,650,6.754846153846153
2018-10,624,7.238349358974358
2018-11,681,6.528898678414097
2018-12,575,6.449356521739131
2019-01,556,5.988075539568345
2019-02,572,6.138828671328671
2019-03,567,6.943862433862434
2019-04,599,7.155826377295493
2019-05,457,8.386586433260394
2019-06,256,9.4886328125
2019-07,344,7.615348837209302
2019-08,555,6.171351351351351
2019-09,541,6.577393715341959
2019-10,584,7.50763698630137
2019-11,576,7.2678819444444445
2019-12,539,8.91860853432282
2020-01,602,5.9469102990033225
2020-02,633,6.661532385466034
2020-03,559,7.285545617173524
2020-04,666,6.636066066066066
2020-05,719,6.215897079276773
2020-06,661,7.239773071104387
2020-07,763,6.283446920052425
2020-08,763,6.936775884665793
2020-09,737,6.978887381275441
2020-10,876,6.891015981735159
2020-11,784,6.430102040816326
2020-12,805,6.147329192546584
2021-01,675,5.831762962962963
2021-02,790,7.485734177215191
2021-03,852,7.362183098591549
2021-04,815,7.5695950920245405
2021-05,836,7.149186602870814
2021-06,791,7.057762326169406
2021-07,550,7.633781818181818
2021-08,488,8.617725409836066
2021-09,604,9.458029801324503
2021-10,851,6.8953819036427735
2021-11,564,8.9547695035461
2021-12,478,8.39192468619247
2022-01,587,7.085553662691653
2022-02,665,8.379187969924812
2022-03,849,7.7596230859835105
2022-04,700,7.923742857142857
2022-05,939,7.100894568690095
2022-06,775,6.97661935483871
2022-07,655,7.5183358778625955
2022-08,559,8.457513416815742
2022-09,735,8.427591836734694
2022-10,874,8.002322654462242
2022-11,928,8.24793103448276
2022-12,892,6.603979820627803
2023-01,855,7.272011695906432
2023-02,938,6.952665245202559
2023-03,1093,7.587932296431839
2023-04,985,6.966253807106599
2023-05,1051,6.921798287345386
2023-06,1005,6.743880597014925
2023-07,1012,7.225810276679843
2023-08,1116,8.637428315412187
2023-09,1088,7.561351102941177
2023-10,1241,8.074214343271555
2023-11,1189,8.117148864592094
2023-12,1162,6.706987951807229
2024-01,1160,6.653448275862069
2024-02,1426,6.7204768583450205
2024-03,1352,6.7180029585798815
2024-04,1340,7.118731343283582
2024-05,1539,7.661345029239766
2024-06,1414,7.751209335219237
2024-07,1565,6.367476038338658
2024-08,1644,6.681903892944039
2024-09,1465,9.520129692832764
2024-10,1867,7.867536154258168
2024-11,1840,8.384222826086956
2024-12,1670,7.609113772455089
2025-01,1542,8.517367055771725
2025-02,1472,7.360163043478261
2025-03,559,6.362558139534884
